Accadia;FG
Alberona;FG
Anzano di Puglia;FG
Apricena;FG
Ascoli Satriano;FG
Biccari;FG
Bovino;FG
Cagnano Varano;FG
Candela;FG
Carapelle;FG
Carlantino;FG
Carpino;FG
Casalnuovo Monterotaro;FG
Casalvecchio di Puglia;FG
Castelluccio dei Sauri;FG
Castelluccio Valmaggiore;FG
Castelnuovo della Daunia;FG
Celenza Valfortore;FG
Celle di San Vito;FG
Cerignola;FG
Chieuti;FG
Deliceto;FG
Faeto;FG
Foggia;FG
Ischitella;FG
Isole Tremiti;FG
Lesina;FG
Lucera;FG
Manfredonia;FG
Mattinata;FG
Monteleone di Puglia;FG
Monte Sant'Angelo;FG
Motta Montecorvino;FG
Orsara di Puglia;FG
Orta Nova;FG
Panni;FG
Peschici;FG
Pietramontecorvino;FG
Poggio Imperiale;FG
Rignano Garganico;FG
Rocchetta Sant'Antonio;FG
Rodi Garganico;FG
Roseto Valfortore;FG
San Giovanni Rotondo;FG
San Marco in Lamis;FG
San Marco la Catola;FG
San Nicandro Garganico;FG
San Paolo di Civitate;FG
San Severo;FG
Sant'Agata di Puglia;FG
Serracapriola;FG
Stornara;FG
Stornarella;FG
Torremaggiore;FG
Troia;FG
Vico del Gargano;FG
Vieste;FG
Volturara Appula;FG
Volturino;FG
Ordona;FG
Zapponeta;FG
Acquaviva delle Fonti;BA
Adelfia;BA
Alberobello;BA
Altamura;BA
Bari;BA
Binetto;BA
Bitetto;BA
Bitonto;BA
Bitritto;BA
Capurso;BA
Casamassima;BA
Cassano delle Murge;BA
Castellana Grotte;BA
Cellamare;BA
Conversano;BA
Corato;BA
Gioia del Colle;BA
Giovinazzo;BA
Gravina in Puglia;BA
Grumo Appula;BA
Locorotondo;BA
Modugno;BA
Mola di Bari;BA
Molfetta;BA
Monopoli;BA
Noci;BA
Noicattaro;BA
Palo del Colle;BA
Poggiorsini;BA
Polignano a Mare;BA
Putignano;BA
Rutigliano;BA
Ruvo di Puglia;BA
Sammichele di Bari;BA
Sannicandro di Bari;BA
Santeramo in Colle;BA
Terlizzi;BA
Toritto;BA
Triggiano;BA
Turi;BA
Valenzano;BA
Avetrana;TA
Carosino;TA
Castellaneta;TA
Crispiano;TA
Faggiano;TA
Fragagnano;TA
Ginosa;TA
Grottaglie;TA
Laterza;TA
Leporano;TA
Lizzano;TA
Manduria;TA
Martina Franca;TA
Maruggio;TA
Massafra;TA
Monteiasi;TA
Montemesola;TA
Monteparano;TA
Mottola;TA
Palagianello;TA
Palagiano;TA
Pulsano;TA
Roccaforzata;TA
San Giorgio Ionico;TA
San Marzano di San Giuseppe;TA
Sava;TA
Taranto;TA
Torricella;TA
Statte;TA
Brindisi;BR
Carovigno;BR
Ceglie Messapica;BR
Cellino San Marco;BR
Cisternino;BR
Erchie;BR
Fasano;BR
Francavilla Fontana;BR
Latiano;BR
Mesagne;BR
Oria;BR
Ostuni;BR
San Donaci;BR
San Michele Salentino;BR
San Pancrazio Salentino;BR
San Pietro Vernotico;BR
San Vito dei Normanni;BR
Torchiarolo;BR
Torre Santa Susanna;BR
Villa Castelli;BR
Alessano;LE
Alezio;LE
Alliste;LE
Andrano;LE
Aradeo;LE
Arnesano;LE
Bagnolo del Salento;LE
Botrugno;LE
Calimera;LE
Campi Salentina;LE
Cannole;LE
Caprarica di Lecce;LE
Carmiano;LE
Carpignano Salentino;LE
Casarano;LE
Castri di Lecce;LE
Castrignano de' Greci;LE
Castrignano del Capo;LE
Cavallino;LE
Collepasso;LE
Copertino;LE
Corigliano d'Otranto;LE
Corsano;LE
Cursi;LE
Cutrofiano;LE
Diso;LE
Gagliano del Capo;LE
Galatina;LE
Galatone;LE
Gallipoli;LE
Giuggianello;LE
Giurdignano;LE
Guagnano;LE
Lecce;LE
Lequile;LE
Leverano;LE
Lizzanello;LE
Maglie;LE
Martano;LE
Martignano;LE
Matino;LE
Melendugno;LE
Melissano;LE
Melpignano;LE
Miggiano;LE
Minervino di Lecce;LE
Monteroni di Lecce;LE
Montesano Salentino;LE
Morciano di Leuca;LE
Muro Leccese;LE
Nard�;LE
Neviano;LE
Nociglia;LE
Novoli;LE
Ortelle;LE
Otranto;LE
Palmariggi;LE
Parabita;LE
Pat�;LE
Poggiardo;LE
Racale;LE
Ruffano;LE
Salice Salentino;LE
Salve;LE
Sanarica;LE
San Cesario di Lecce;LE
San Donato di Lecce;LE
Sannicola;LE
San Pietro in Lama;LE
Santa Cesarea Terme;LE
Scorrano;LE
Secl�;LE
Sogliano Cavour;LE
Soleto;LE
Specchia;LE
Spongano;LE
Squinzano;LE
Sternatia;LE
Supersano;LE
Surano;LE
Surbo;LE
Taurisano;LE
Taviano;LE
Tiggiano;LE
Trepuzzi;LE
Tricase;LE
Tuglie;LE
Ugento;LE
Uggiano la Chiesa;LE
Veglie;LE
Vernole;LE
Zollino;LE
San Cassiano;LE
Castro;LE
Porto Cesareo;LE
Presicce-Acquarica;LE
Andria;BT
Barletta;BT
Bisceglie;BT
Canosa di Puglia;BT
Margherita di Savoia;BT
Minervino Murge;BT
San Ferdinando di Puglia;BT
Spinazzola;BT
Trani;BT
Trinitapoli;BT
